{
  "pl": true,
  "title": "Faker.words(2, true)",
  "text": "Faker.words(3, true)",
  "site_title": "Faker.words(2, true)",
  "site_slogan": "Faker.words(5, true)",
  "headline": {
    "short": "Faker.words(3, true)",
    "medium": "Faker.words(7, true)"
  },
  "excerpt": {
    "short": "Faker.sentence",
    "medium": "Faker.sentences(2, true)",
    "long": "Faker.paragraph"
  },
  "description": "Faker.paragraphs(2, true)",
  "url": "http://example.com",
  "name": {
    "titleMale": "Faker.title('male')",
    "titleFemale": "Faker.title('female')",
    "first": "Faker.firstName",
    "middle": "Faker.firstName",
    "last": "Faker.lastName"
  },
  "email": "Faker.email",
  "username": "Faker.userName",
  "year": {
    "long": "Faker.year",
    "short": "Faker.numberBetween(01, 99)"
  },
  "month": {
    "long": "Faker.monthName",
    "digit": "Faker.month"
  },
  "dayofweek": "Faker.dayOfWeek",
  "day": "Faker.numberBetween(1, 30)",
  "hour": {
    "long": "Faker.numberBetween(1, 99)",
    "short": "Faker.numberBetween(1, 9)",
    "ampm": "Faker.amPm"
  },
  "minute": "Faker.numberBetween(1, 59)",
  "seconds": "Faker.numberBetween(1, 59)"
}
