{
  "items": [
    {
      "name": "$c-red",
      "value": "hsl(352, 92%, 38%)",
      "comment": ""
    },
    {
      "name": "$c-blue",
      "value": "hsl(195, 83%, 84%)",
      "comment": ""
    },
    {
      "name": "$c-orange",
      "value": "hsl(33, 93%, 54%)",
      "comment": ""
    },
    {
      "name": "$c-orange-transparent",
      "value": "hsla(33, 93%, 54%, .85)",
      "comment": ""
    },
    {
      "name": "$c-white",
      "value": "white",
      "comment": ""
    },
    {
      "name": "$c-gray--lightest",
      "value": "hsl(0, 0%, 95%)",
      "comment": ""
    },
    {
      "name": "$c-gray--lightest--transparent",
      "value": "hsla(0, 0%, 95%, .1)",
      "comment": ""
    },
    {
      "name": "$c-gray--lighter",
      "value": "hsl(0, 0%, 80%)",
      "comment": ""
    },
    {
      "name": "$c-gray--lighter--transparent",
      "value": "hsla(0, 0%, 80%, .2)",
      "comment": ""
    },
    {
      "name": "$c-gray--light",
      "value": "hsl(0, 0%, 60%)",
      "comment": ""
    },
    {
      "name": "$c-gray",
      "value": "hsl(0, 0%, 48%)",
      "comment": ""
    },
    {
      "name": "$c-gray--dark",
      "value": "hsl(0, 0%, 40%)",
      "comment": ""
    },
    {
      "name": "$c-gray--darker",
      "value": "hsl(0, 0%, 25%)",
      "comment": ""
    },
    {
      "name": "$c-gray--darker--transparent",
      "value": "hsla(0, 0%, 20%, .75)",
      "comment": ""
    },
    {
      "name": "$c-gray--darkest",
      "value": "hsl(0, 0%, 16.1%)",
      "comment": ""
    },
    {
      "name": "$c-gray--darkest--transparent",
      "value": "hsla(0, 0%, 16.1%, .85)",
      "comment": ""
    },
    {
      "name": "$c-black",
      "value": "black",
      "comment": ""
    }
  ],
  "meta": {
    "description": "To add to these items, use Sass variables that start with <code>$c-</code> in <code>source/_patterns/00-base/01-colors/_color-vars.scss</code>"
  }
}