{
  "items": [
    {
      "name": "$ff--regular",
      "value": "'Open Sans', sans-serif",
      "comment": ""
    },
    {
      "name": "$ff--alternate",
      "value": "'Libre Franklin', sans-serif",
      "comment": ""
    },
    {
      "name": "$ff--header",
      "value": "'Bitter', serif",
      "comment": ""
    }
  ],
  "meta": {
    "description": "To add to these items, use Sass variables that start with <code>$ff--</code> in <code>source/_patterns/01-atoms/01-typography/fonts/_fonts.scss</code>"
  }
}