{
  "items": [
    {
      "name": "$fs--36px",
      "value": "36px",
      "comment": ""
    },
    {
      "name": "$fs--30px",
      "value": "30px",
      "comment": ""
    },
    {
      "name": "$fs--24px",
      "value": "24px",
      "comment": ""
    },
    {
      "name": "$fs--18px",
      "value": "18px",
      "comment": ""
    },
    {
      "name": "$fs--16px",
      "value": "16px",
      "comment": ""
    },
    {
      "name": "$fs--14px",
      "value": "14px",
      "comment": ""
    },
    {
      "name": "$fs--12px",
      "value": "12px",
      "comment": ""
    }
  ],
  "meta": {
    "description": "To add to these items, use Sass variables that start with <code>$fs--</code> in <code>source/_patterns/01-atoms/01-typography/fonts/_fonts.scss</code>"
  }
}